{
  "route": [
    {
      "coords": [
        [
          -8.606662,
          41.147255
        ],
        [
          -8.606707,
          41.147035
        ],
        [
          -8.606739,
          41.147048
        ],
        [
          -8.606758,
          41.147014
        ],
        [
          -8.610925,
          41.14784
        ],
        [
          -8.611384,
          41.147896
        ],
        [
          -8.613155,
          41.148004
        ],
        [
          -8.613368,
          41.147548
        ],
        [
          -8.614046,
          41.147714
        ],
        [
          -8.614096,
          41.147695
        ],
        [
          -8.614593,
          41.146846
        ]
      ],
      "distance": 803.4
    },
    {
      "coords": [
        [
          -8.614593,
          41.146846
        ],
        [
          -8.614742,
          41.14659
        ],
        [
          -8.6141,
          41.146197
        ],
        [
          -8.614094,
          41.146232
        ],
        [
          -8.613603,
          41.145971
        ],
        [
          -8.613627,
          41.145944
        ],
        [
          -8.613521,
          41.145882
        ],
        [
          -8.613555,
          41.145784
        ],
        [
          -8.613358,
          41.145309
        ],
        [
          -8.612962,
          41.145398
        ],
        [
          -8.612865,
          41.145393
        ],
        [
          -8.612699,
          41.145326
        ],
        [
          -8.61247,
          41.145086
        ],
        [
          -8.612391,
          41.144615
        ],
        [
          -8.6122,
          41.144335
        ],
        [
          -8.612033,
          41.144176
        ],
        [
          -8.612187,
          41.14405
        ],
        [
          -8.61216,
          41.143799
        ],
        [
          -8.611956,
          41.143465
        ],
        [
          -8.612,
          41.143441
        ],
        [
          -8.611974,
          41.143431
        ],
        [
          -8.612233,
          41.143283
        ],
        [
          -8.612459,
          41.14322
        ],
        [
          -8.612982,
          41.143157
        ],
        [
          -8.613277,
          41.143017
        ],
        [
          -8.613436,
          41.142879
        ]
      ],
      "distance": 679.3
    },
    {
      "coords": [
        [
          -8.613436,
          41.142879
        ],
        [
          -8.613503,
          41.142824
        ],
        [
          -8.613206,
          41.14248
        ],
        [
          -8.613028,
          41.14236
        ],
        [
          -8.613224,
          41.142479
        ],
        [
          -8.613526,
          41.142832
        ],
        [
          -8.613694,
          41.142712
        ],
        [
          -8.614152,
          41.142738
        ],
        [
          -8.61449,
          41.141839
        ],
        [
          -8.614521,
          41.141649
        ],
        [
          -8.614652,
          41.14165
        ],
        [
          -8.614652,
          41.141619
        ],
        [
          -8.61461,
          41.141618
        ],
        [
          -8.614609,
          41.141542
        ],
        [
          -8.61519,
          41.141553
        ],
        [
          -8.61519,
          41.141333
        ]
      ],
      "distance": 427.1
    },
    {
      "coords": [
        [
          -8.61519,
          41.141333
        ],
        [
          -8.615163,
          41.140888
        ],
        [
          -8.615229,
          41.140804
        ],
        [
          -8.61507,
          41.140508
        ],
        [
          -8.615048,
          41.140378
        ],
        [
          -8.61447,
          41.140422
        ],
        [
          -8.614417,
          41.140277
        ],
        [
          -8.614084,
          41.14034
        ],
        [
          -8.612645,
          41.140468
        ],
        [
          -8.612672,
          41.140604
        ],
        [
          -8.612299,
          41.140665
        ],
        [
          -8.612383,
          41.140986
        ],
        [
          -8.612273,
          41.141003
        ],
        [
          -8.612295,
          41.141069
        ],
        [
          -8.611656,
          41.141323
        ],
        [
          -8.611492,
          41.141302
        ],
        [
          -8.611177,
          41.141354
        ],
        [
          -8.611152,
          41.141459
        ],
        [
          -8.611081,
          41.141523
        ],
        [
          -8.610697,
          41.141605
        ],
        [
          -8.610541,
          41.141593
        ]
      ],
      "distance": 602.9
    },
    {
      "coords": [
        [
          -8.610541,
          41.141593
        ],
        [
          -8.611081,
          41.141523
        ],
        [
          -8.611177,
          41.141354
        ],
        [
          -8.611656,
          41.141323
        ],
        [
          -8.612282,
          41.141068
        ],
        [
          -8.612265,
          41.141012
        ],
        [
          -8.612054,
          41.141021
        ],
        [
          -8.611961,
          41.140803
        ],
        [
          -8.611466,
          41.140817
        ],
        [
          -8.611379,
          41.140718
        ],
        [
          -8.611086,
          41.140751
        ],
        [
          -8.611057,
          41.140645
        ],
        [
          -8.610147,
          41.140794
        ],
        [
          -8.610014,
          41.140893
        ],
        [
          -8.609718,
          41.140827
        ],
        [
          -8.609161,
          41.139054
        ],
        [
          -8.60952,
          41.138999
        ],
        [
          -8.611006,
          41.138226
        ],
        [
          -8.611371,
          41.138135
        ],
        [
          -8.611321,
          41.137868
        ],
        [
          -8.612306,
          41.137677
        ],
        [
          -8.613625,
          41.13725
        ],
        [
          -8.614985,
          41.136942
        ],
        [
          -8.614907,
          41.136444
        ],
        [
          -8.615575,
          41.1362
        ],
        [
          -8.614746,
          41.135407
        ],
        [
          -8.615127,
          41.135112
        ],
        [
          -8.615326,
          41.134648
        ],
        [
          -8.615352,
          41.134361
        ],
        [
          -8.615245,
          41.134094
        ],
        [
          -8.615519,
          41.134017
        ],
        [
          -8.615814,
          41.134054
        ],
        [
          -8.616476,
          41.134422
        ],
        [
          -8.616194,
          41.134213
        ]
      ],